company_name,breakoutlist,linkedin,wealthfront,editors
Affirm,extended,27,x,
Flexport,breakout,14,,
Qadium,extended,,,
Blend,breakout,21,,
Cadre,,,,x
Zocdoc,,,,x
SpaceX,foundational,,,
BuzzFeed,,,x,
DJI,,,,
Flipkart,,,,
WeWork,,3,,
Databricks,,44,x,
ThoughtSpot,,39,x,
Hyperloop One,extended,37,,
Impossible Foods,,,,
Lyft,extended,4,,
Outbrain,,,,
TuneIn,,,,
Razer,,,,
Coinbase,,,x,
Warby Parker,,,x,
Klarna,,,,
Duolingo,,,,
AppNexus,,,,
Coursera,,31,,
Color Genomics,future,,,
Cylance,,24,,
Glassdoor,,,x,
Funding Circle,,,x,
Evernote,,,,
Ola,,,,
Eventbrite,,,x,
SoundCloud,,,,
Big Switch Networks,,,x,
App Annie,,,x,
ClassPass,,,,
Vets First Choice,,,,
Rent the Runway,,,x,
Airbnb,foundational,2,,
IFTTT,,,,
InMobi,,,,
AltspaceVR,,,,
Wealthfront,extended,,x,
Silver Peak,,,x,
Leap Motion,,,,
Qualtrics,,,x,
Unity Technologies,,,,
Vox Media,,,x,
Kabbage,,,,
Artsy,,,,
Kaminario,,,,
Shazam,,,,
Automattic,,,,
Pinterest,extended,16,,
Houzz,,9,,
Blockchain,,,,
Actifio,,,,
BookMyShow,,,,
Rocket Lab,,,,
Webroot,,,,
Drawbridge Inc.,,,x,
Ripcord,,,,
Puls,,,,
Upwork,,,,
Anki,,,x,
MobiKwik,,,,
Gigya,,,,
Tanium,breakout,,x,
MapR Technologies,,,,
Capital Float,,,,
Tokopedia,,,,
HackerRank,,,,
InVision,,,x,
Jawbone,,,,
SnapLogic,,,,
Synack,extended,,,
Circle,,,,
Expa,,,,
Viagogo,,,,
Knewton,,,,
AngelList,breakout,,,
Sumo Logic,,,x,
Planet,,,,
BigCommerce,,,,
BitPay,,,,
CoreOS,,,,
Addepar,,,,
BYJU'S,,,,
Matterport,,,,
Freenome,,,,x
Amplitude,,,x,
GoodData,,,,
Nextdoor,,,x,
Elastic,,50,x,
Quantcast,,,x,
Freshdesk,,,,
Humble Bundle,,,,
Payoneer,,,x,
The Honest Company,,,,
iQiyi,,,,
Rigetti Computing,,,,x
CrowdFlower Inc.,,,,
Getaround,,,,
Canva,,,,
BloomReach,,,,
Shyp,,,,
Hootsuite,,,x,
letgo,,,,
HotelTonight,,,x,
Change.org,,,,
Carbon Black,,,x,
Desktop Metal,,,,
Convoy,,10,,
Omada Health,,,,
WePay,,,,
Plated,,,,
Zomato,,,,
Flipboard,,,,
Blockstack,,,,
Birchbox,,,,
Patreon,,,,
Medallia,,,x,
Flatiron Health,,,,
Versive,,,,
SeatGeek,,,x,
Bromium,,,,
PlanGrid,breakout,,x,
PagerDuty,,,x,
Metamarkets,,,,
Instacart,extended,,x,
Casper,,49,,
AlienVault,,,x,
Tulip Retail,,,,
Ellevest,,,,
WorldRemit,,,,
Looker,,,x,
ForgeRock,,,x,
Highfive,,,,
Udacity,,19,,
Stack Overflow,,,,
Shift,,,,
Protocol Labs,,,,
Continuum Analytics,,,,
Stash,,,,
Ring,,29,x,
Squarespace,,,x,
Vector Space,,,,
Mixpanel,,,,
Discord,,,,
Traveloka,,,,
Turo,,,x,
Accolade,,,,
HealthTap,,,,
UNITY Biotechnology,,,,
Bitly,,,,
Cumulus Networks,,,,
BlueStacks,,,,
Instart Logic,,,x,
Couchbase,,,x,
eero,,,,
Rainforest QA,,,,
Lytro,,,,
Houseparty,,,,
Clarizen,,,,
Jam City,,,,
HackerOne,,,,
Marqeta,,,,
Quora,extended,,,
Zoom,,,x,
Scribd,,,,
BlueJeans Network,,,x,
Practo,,,,
VIPKID,,,,
Lyst,,,,
Blockstream,,,,
SentinelOne,,,,
Prezi,,,,
Hudl,,,x,
Lightbend,,,,
Peel,,,,
Prosper,,,,
InsideSales.com,,,x,
Expensify,,,,
Pro.com,,,,
Plex,,,,
Clarabridge,,,,
Boxed,,,,
Ayasdi,,,,
Deliveroo,,,,
Jaunt,,,,
drchrono,,,,
RightScale,,,,
Grovo,,,,
Peloton,,,,
Centrify,,,,
Seeking Alpha,,,,
Illumio,extended,,,
Collective Health,extended,,,
"Forward Networks, Inc.",,,,
MetricStream,,,,
Mobike,,,,
CTERA Networks,,,,
Collective,,,,
RentoMojo,,,,
Influitive,,,,
Affectiva,,,,
Sharethrough,,,,
AdRoll,,,,
Metromile,,,,
Vicarious,,,,
Zeel,,,,
CreditEase,,,,
Branch,,,,
Carwow,,,,
DataStax,,,x,
Avant,,,,
Weebly,,,x,
OfferUp,extended,,,
Lever,,,,
Science Exchange,,,,
Swiggy,,,,
cheddar,,,,
Homebase,,,,
Alation,,,,
Privateer Holdings,,,,
NewStore,,,,
CYNGN,,,,
Algolia,,,,
Better Mortgage,,,,
Ritual,,,,
SmartAsset,,,,
Lattice,,,,
Netskope,,,x,
Jetty,,,,
NextVR,,,,
Signals Analytics,,,,
Bolt Threads,,,,
TransferWise,,,,
CloudPassage,,,,
FILLD,,,,
Duo Security,,,x,
CloudHealth Technologies,,,,
Hampton Creek,,,,
Mashape,,,,
ClearSlide,,,,
Blue Bottle Coffee,,,,
Compass,,,,
Within,,,,
Fundbox,,,x,
Xapo,,,,
Innovid,,,,
CloudBees,,,x,
Reverb.com,,,,
Imgur,,,,
AirMap,,,,
Callsign,,,,
Lattice Engines,,,,
Course Hero,,,,
Datto,,,x,
Paxata,,,,
Puppet,,,,
Vroom,,,,
1mg,,,,
PLASTIQ,,,,
Confluent,,,x,
Amitree,,,,
Zenreach,breakout,40,,
RealtyShares,,,,
Bloom Energy,,,,
Exabeam,,,,
Domino Data Lab,,,,x
Cafe Coffee Day,,,,
Panzura,,,,
Sift Science,,,,
Livongo,,,,
Agari,,,,
Canary,,,,
ClassDojo,,,,
VTS,,,,
SafeBreach,,,,
Forter,,,,
NIO,,6,,
BlackBuck,,,,
UnifyID,,,,
Digit,,,,
Grofers,,,,
MyHeritage,,,,
Opal,,,,
Namely,,,x,
Shapeways,,,,
Skyhigh Networks,,,x,
Periscope Data,,,,
Vidyard,,,,
Amino,,,,
Delphix,,,,
UrbanClap,,,,
Zumper,,,,
Teespring,,,x,
MakeSpace,,,,
Upstart,,,,
Fabhotels,,,,
MemSQL,breakout,,,
Dialpad,,,x,
Freshly,,,,
GoCardless,,,,
Aquion Energy,,,,
WayUp,,,,
Mu Sigma,,,,
Shape Security,,,x,
Kensho,,,,x
BaubleBar,,,,
LeadGenius,,,,
Alfresco,,,,
GoEuro,,,,
Pivot3,,,,
PicsArt,,,,
Honor,,,,
Cockroach Labs,,,,
Hutch,,,,
Health Catalyst,,,x,
LiftIgniter,,,,
Poshmark,,,,
BlueVine,,,,
Heal,,,,
Porch,,,,
Minted,,,x,
Qubit,,,,
Percolate,,,x,
Reflektive,,,,
Postmates,,,x,
uBiome,,,,
Mirakl,,,,
Mintigo,,,,
Farmers Business Network,,,,
Avvo,,,,
PillPack,,,,
Leanplum,,,x,
Sourcepoint,,,,
Carbon,,,x,
Maven Clinic,,,,
Doctor On Demand,,,,
Greenhouse Software,,,x,
EverString,,,,
Clara Labs,,,,
Kahuna,,,,
Button,,,,
Harry's,,,,
VSCO,,,x,
Conduit,,,,
ResearchGate,,,,
Riskified,,,,
Qumulo,,,,
Kenshoo,,,,
SkySafe,,,,
Near,,,,
Gerson Lehrman Group (GLG),,,,
HireVue,,,x,
Tune,,,,
UberMedia,,,,
YapStone,,,x,
Remix,,,,x
"ChargePoint, Inc.",,,,
Grand Rounds,,,x,
AgilOne,,,,
Zipline,,,,
Vungle,,,,
Workspot,,,,
"ForeScout Technologies, Inc.",,,x,
Blink Health,,,,
Tact,,,,
Breather,,,,
Endgame,,,,
Katerra,,,,
Datrium,,,,
SoundHound Inc.,,,,
RichRelevance,,,,
Scale Computing,,,,
Sailthru,,,,
Common,,,,
mParticle,,,,
Ionic Security,,,x,
Bracket Computing,,,,
CAN Capital,,,,
Rebagg,,,,
CreativeLive,,,,
StackRox,,,,x
Invoca,,,,
Magic,,,,
Counsyl,,,,
Mocana,,,,
Carousell,,,,
Tradesy,,,,
Reserve,,,,
Skybox Security,,,,
Managed by Q,,,,
Wikia,,,,
Ironclad,,,,
Symphony Commerce,,,,
ThousandEyes,,,,
Taykey,,,,
Voonik,,,,
Citymapper,,,,
Cloudability,,,,
Zola,,,x,
Behalf,,,,
June,,,,
AppCard,,,,
Nexar,,,,
Catalant,,,,
Navdy,,,,
LiquidSpace,,,,
Viome,,,,
Gametime,,,,
Deliv,,,,
Datameer,,,,
Fancy,,,,
StyleSeat,,,,
Optoro,,,,
Zymergen,breakout,,,
Kin Community,,,,
Capriza,,,,
Capillary Technologies,,,,
Crew,,,,
Quantopian,,,,x
Cato Networks,,,,
Casetext,,,,
Vida Health,,,,
Parsable,,,,
AvidXchange,,,,
Veem,,,,
CyPhy Works,,,,
uBeam,,,,
Enjoy,,,,
FullStory,,,,
Datorama,,,x,
Onshape,,,,
BigPanda,,,,
Victorious,,,,
PeerStreet,,,,
Boom Technology,,,,
GitLab Inc,,,,
Tenfold,,,,
enSilo,,,,
Tubular Labs,,,,
Drive Motors,,,,
AliveCor,,,,
CircleCI,,,,
Silversheet,,,,
Job Today,,,,
MindTickle,,,,
SessionM,,,,
Layer,,,,
Versa Networks,,,,
Magic Leap,,,,
NatureBox,,,,
Chartbeat,,,,
Iora Health,,,,
Orchard Platform,,,,
Synthego,,,,
OpenGamma,,,,
TerrAvion,,,,
AirHelp,,,,
StreamSets,,,,
Dwolla,,,,
Sentry,,,,
Demisto,,,,
Virta,,,,
SendGrid,,,x,
ItsOn,,,,
Glow,,,,
FarmLogs,,,,
Oportun,,,,
HelloSign,,,,
Numerify,,,,
ThirdLove,,,,
Transit,,,,
RedBrick Health,,,,
Couchsurfing,,,,
ONEHOPE,,,,
Enlighted,,,,
Dailyhunt,,,,
SS8 Networks,,,,
OverOps,,,,
Trippy,,,,
Blue River Technology,,,,
Memebox Corporation,,,,
Makeblock,,,,
Narvar,,,,
Yello Mobile,,,,
Ridecell,,,,
Elysium Health,,,,
Turvo,,,,
Cargomatic,,,,
Castle,,,,
Post Intelligence,,,,
Zebra Medical Vision Ltd,,,,
Trusona,,,,
Embark Veterinary,,,,
Sonatype,,,x,
Wellframe,,,,
SignalFx,,,,
Hearsay Systems,,,,
LE TOTE,,,,
Kaiima,,,,
Origami Logic,,,,
Bond Street,,,,
Osmo,,,,
Phantom,,,,
Zwift,,,,
Belly,,,,
DroneBase,,,,
Open Listings,,,,
G2 Crowd,,20,,
Operator,,,,
Heptio,,,,
Flyrobe,,,,
Kinsa,,,,
99designs,,,,
Plethora,,,,
Augury,,,,
Flywire,,,,
Workable,,,,
Cosaint Technologies,,,,
Doctolib,,,,
PullString,,,,
Handshake,,,,
8i,,,,
SafeGraph,,,,x
Athos,,,,
HoneyBook,,,,
Aspiration,,,,
BitTorrent,,,,
Consumer Physics,,,,
ClearStory Data,,,,
DeepScale,,,,
Duetto,,,,
Lyra Health,,,,
Allset,,,,
VentureBeat,,,,
Swiftype,,,,
Tachyus,,,,
Eyeview,,,,
Datera,,,,
Apeel Sciences,,,,
Cross River Bank,,,,
Brave,,,,
ClearSky Data,,,,
BetterUp,,,,
"Xcalar, Inc.",,,,
Elastifile,,,,
WeLab,,,,
Simplee,,,,
Transcriptic,,,,
Cape Analytics,,,,
Avi Networks,,,,
Away,,,,
Revinate,,,,
Vinted,,,,
Hinge,,,,
SmartBiz Loans,,,,
ShipBob,,,,
Roofstock,,,,
ZeroCater,,,,
DECA,,,,
PatientPing,,,,
Laurel & Wolf,,,,
Able Lending,,,,
Meteor,,,,
Mailgun,,,,
YourMechanic,,,,
The Farmer's Dog,,,,
Avere Systems,,,,
b8ta,,,,
Helium,,,,
Trip.com,,,,
KupiVIP,,,,
Amino Apps,,,,
Airtime,,,,
Sparkcentral,,,,
Fon,,,,
TravelBank,,,,
Brainly,,,,
BuildZoom,,,,x
CrowdStrike,,25,,
RockYou,,,,
Lob,,,,
LoungeBuddy,,,,
PayNearMe,,,,
SnapRoute Inc.,,,,
BetterCloud,,,,
ScaleArc,,,,
Coho Data,,,,
FiftyThree,,,,
Primus Power,,,,
Hollar,,,,
Bidgely,,,,
Clever,,,,
Benchling,,,,
500px,,,,
YipitData,,,,
Cozy,,,,
Motiv,,,,
Mapillary,,,,
LanzaTech,,,,
Momentum Machines,,,,
Usermind,,,,
Zscaler,,,x,
Split Software,,,,
M.Gemi,,,,
Mist Systems,,,,
Singular,,,,
Lucid,,,,
Mark43,breakout,,,
Ginger.io,,,,
ZEFR,,,,
UserTesting,,,x,
Weaveworks,,,,
Credit Karma,,48,,
Kinnek,,,,
CodeFights,,,,
Buoyant,,,,
Anchor,,,,
Verst,,,,
Genalyte,,,,
Affirmed Networks,,,x,
Matternet,,,,
"Two Pore Guys, Inc.",,,,
Good Eggs,,,,
VarageSale,,,,
PCH International,,,,
Plum,,,,
FLYR,,,,
Joya Communications,,,,
Dia&Co,,,x,
Owlet Baby Care,,,,
Appier,,,,
Instabase,,,,
Remind,,,,
Stance,,,,
Skillshare,,,,
Clari,,,,
Area 1 Security,,,,
Luma,,,,
CARTO,,,,
Elance,,,,
Everwise,,,,
HyperScience,,,,
Neumob,,,,
Newsela,,,,
LiveU,,,,
FeedVisor,,,,
CardioDx,,,,
Skymind,,,,
AISense Inc.,,,,
Superpedestrian,,,,
BloomThat,,,,
New Dada,,,,
Brighter.com,,,,
Dropbox,,8,,
Rockets of Awesome,,,,
POPSUGAR,,,x,
Aquantia,,,,
Verge Genomics,,,,
Envoy,,,,
Moglix,,,,
Druva,,,,
LimeRoad,,,,
Walker & Company Brands,,,,
Tapingo,,,,
Bellhops,,,,
Crunchbase,,,,
People.ai,,,,
Fundera,,,,
Yottaa,,,,
Solarflare Communications,,,,
Prism Skylabs,,,,
Thanx,,,,
SmartDrive Systems,,,,
Mobcrush,,,,
Riley,,,,
Innovium Inc,,,,
Bonfire Studios,,,,
Gigwalk,,,,
Juicero,,,,
HYLA Mobile,,,,
Adknowledge,,,,
Massdrop,,,,
Nucleus,,,,
Frame.io,,,,
Gigster,,,,
Knowlarity Communications,,,,
BrandYourself,,,,
Pond5,,,x,
SigOpt,,,,
Soldo,,,,
Skydio,,,,
TrueAccord,,,,
Peek,,,,
ActionIQ,,,,
Zugata,,,,
99.co,,,,
Ascend.io,,,,
PeopleDoc,,,,
Progressly,,,,
Mux,,,,
Celonis,,,,
Rappi,,,,
Zephyr Health,,,,
eASIC,,,,
Ambiq Micro,,,,
Mavrx,,,,
Fidelis,,,,
Keen IO,,,,
honestbee,,,,
Alooma,,,,
CloudPhysics,,,,
Teachable,,,,
Solv,,,,
Sigma,,,,
Clear Labs,,,,
Shift Technology,,,,
Coverfox Insurance,,,,
Maxta,,,,
Inspire Medical Systems,,,,
Comprehend Systems,,,,
ClearTax,,,,
OnboardIQ,,,,
FreshMenu,,,,
Allbirds,,,,
ADARA,,,,
Zesty,,,,
Halo Neuroscience,,,,
LIFX,,,,
Semantic Machines,,,,
Clustrix,,,,
Realm,,,,
Chewse,,,,
Clara Lending,,,,x
lark,,,,
Spreadshirt,,,,
Zenefits,,,,
Acko General Insurance,,,,
Trove,,,,
SocialFlow,,,,
SirionLabs,,,,
Gobble,,,,
Treehouse,,,,
Neoway,,,,
Alluxio,,,,
Belong,,,,
Numerai,,,,x
Drift,,,,
Transphorm Inc.,,,,
Rescale,,,,
Beamreach,,,,
Huami,,,,
DB Networks,,,,
Voodoo Manufacturing,,,,
"Affinity, Inc.",,,,x
Trustify,,,,
Rippling,,,,
Forty Seven,,,,
eGenesis,,,,
Grabit Inc.,,,,
Index,,,,
Omni,,,,
Stedi,,,,
Brightwheel,,,,
Radish,,,,
NationBuilder,,,,
Plays.tv,,,,
Mynd,,,,
Vidme,,,,
Hungryroot,,,,
Eko (f.k.a. Interlude),,,,
Trendyol Group,,,,
UpCounsel,,,,
Pyramid Analytics,,,,
"Boku, Inc.",,,,
Chargebee,,,,
MyTime,,,,
CleverTap,,,,
Roam Analytics,,,,
Pavilion Data Systems,,,,
Wyzant,,,,
Swirl Networks,,,,
Quartzy,,,,
MileIQ,,,,
HealthSherpa,,,,
Against Gravity,,,,
Mech Mocha,,,,
Everlaw,,,,
90 Seconds,,,,
Agrostar,,,,
CueLearn/Cuemath,,,,
Qwilt,,,,
15Five,,,,
OB1,,,,
Cazena,,,,
RealScout,,,,
RigUp,,,,
TrueMotion,,,,
Shoes of Prey,,,,
"Freebird, Inc.",,,,
honeycomb.io,,,,
Gixo,,,,
MySmartPrice,,,,
Magicpin,,,,
StockX,,,,
SailPoint Technologies,,,,
E8 Storage,,,,
ClusterHQ,,,,
Bluestone.com,,,,
OpenInvest,,,,
Farmigo,,,,
"Arimo, Inc.",,,,
Comfy,,,,
Udaan,,,,
Slack,foundational,5,x,
HyperTrack,,,,
Atomwise,,,,
Craftsvilla,,,,
ZAI Lab,,,,
Suiteness,,,,
Bugsnag,,,,
OpenBazaar,,,,
Siluria Technologies,,,,
Cleanly,,,,
Propel,,,,
TrustArc,,,,
RapidAPI,,,,
Beautylish,,,,
Lumiata,,,,
Narrative,,,,
Chloe + Isabel,,,,
Vymo,,,,
Mind Candy,,,,
Comma,,,,
TransMedics,,,,
Workpop,,,,
Spruce Health,,,,
CheckRecipient,,,,
AeroFS,,,,
Trove AI,,,,
Ever,,,,
PayRange,,,,
Crowdpac,,,,
Academia.edu,,,,
"Entytle, Inc.",,,,
NeuroPace,,,,
Moonfrog Labs,,,,
Packlink - Simply Shipping,,,,
Seatwave,,,,
OM1,,,,
Ninjacart,,,,
appOrbit,,,,
Rachio,,,,
Branch International,,,,
Tribe,,,,
Zenoti,,,,
Carbon Health,,,,
Fictiv,,,,
Willing,,,,
Chatous,,,,
KnCMiner,,,,
AOptix Technologies,,,,
Catalia Health,,,,
Famo.us,,,,
Knotch,,,,
Buddybuild,,,,
Rumble,,,,
Dealpath,,,,
Evolv Technology,,,,
B12,,,,
Scaled Inference,,,,
Xcell Biosciences,,,,
Ostendo Technologies,,,,
Compass Therapeutics,,,,
Inspirato,,,,
Shield AI,,,,
Harvest Power,,,,
E la Carte,,,,
Fractyl Laboratories,,,,
homelane,,,,
RiskRecon,,,,
Chillr,,,,
Personalis,,,,
Zazzle,,,,
Neverware,,,,
Verbling,,,,
Vertical Mass,,,,
Ripple Foods,,,,
Call9,,,,
42Floors,,,,
LightSail Energy,,,,
Diffbot,,,,
NuvoEx,,,,
Ximalaya,,,,
Triplebyte,,,,
Kidaptive,,,,
Hound Labs,,,,
CoachUp,,,,
imgix,,,,
PlushCare,,,,
Paper Boat,,,,
Koding,,,,
JoyTunes,,,,
CrossChx,,,,
Kumu Networks,,,,
DIY,,,,
VoxelCloud,,,,
IronNet Cybersecurity,,,,
VULCUN,,,,
Artivest,,,,
Elo7,,,,
Indeni,,,,
Portalarium,,,,
Weave,,,,
Sourcery Technologies,,,,
KredX,,,,
Simppler,,,,
Contrast Security,,,,
Citus Data,,,,
ARMO BioSciences,,,,
Accion Systems,,,,
Paperspace,,,,
All Def Digital,,,,
Fieldwire,,,,
Lugg,,,,
DHgate,,,,
Pixel Labs,,,,
Selfscore,,,,
Panorama Education,,,,
HowAboutWe,,,,
Qvivr,,,,
QwikCilver Solutions,,,,
Mitra Biotech,,,,
OneAssist,,,,
HolidayIQ,,,,
ChoiceStream,,,,
Naritiv,,,,
Stella & Dot,,,,
Aquifi,,,,
CB4 Analytics,,,,
"Mindshow, Inc",,,,
Propeller Aero,,,,
Kamcord,,,,
Kiddom,,,,
Amprius,,,,
UniversityNow,,,,
"PlayFab, Inc.",,,,
Leeo,,,,
Confide,,,,
Twenty20,,,,
Ionic,,,,
Figma,,,,
Nectar,,,,
GreatPoint Energy,,,,
Nylas,,,,
Warp Drive Bio,,,,
Gridco,,,,
Nugit,,,,
TL Biolabs,,,,
Street Contxt,,,,
Ledger Investing,,,,
Roadster,,,,
Nor1,,,,
Ringly,,,,
Kit Check,,,,
Revlo,,,,
Bellabeat,,,,
Grokker,,,,
GrowingIO,,,,
Osaro,,,,x
Elation Health,,,,
Declara,,,,
Art.com,,,,
N3TWORK,,,x,
Even Responsible Finance,,,,
Syllable,,,,
Engie,,,,
Smarking,,,,
Xiu.com,,,,
Invicta Medical,,,,
Koru,,,,
FreshGrade,,,,
Sherpaa,,,,
Privacy Labs,,,,
Despegar.com,,,,
Cell Design Labs,,,,
Ogin,,,,
Clark,,,,
Health IQ,,,,
BloomNation,,,,
MikMak,,,,
MATRIXX Software,,,,
Thync,,,,
Drobo,,,,
Renmatix,,,,
3VR,,,,
Rubica,,,,
mySupermarket,,,,
BountyJobs,,,,
CapLinked,,,,
Medal,,,,
Wrap Media,,,,
GreenDust,,,,
Lenda,,,,
FLX Bio,,,,
Varentec,,,,
Service,,,,
Soraa,,,,
Boom Fantasy,,,,
Returnly,,,,
Move Loot,,,,
DisplayLink,,,,
Shuttl,,,,
Utilidata,,,,
Chukong Technologies,,,,
Kite,,,,
Arctic Wolf Networks,,,,
textPlus,,,,
Verne Global,,,,
Calient Technologies,,,,
OneID,,,,
Runscope,,,,
Cambridge Epigenetix,,,,
Trusted Insight,,,,
"Minio, Inc.",,,,
UXPin,,,,
Nanosolar,,,,
ZopNow,,,,
Plum District,,,,
Zylo,,,,
Asana,extended,,,
VoloAgri Group,,,,
Vedantu,,,,
RAW Pressery,,,,
"MCube, Inc",,,,
Plate IQ,,,,
Vium,,,,
Blue Danube Systems,,,,
Magnet Systems Inc.,,,,
Healthkart,,,,
LocoMobi,,,,
Zilingo,,,,
IPG,,,,
Infinio,,,,
Simility,,,,
Avogy,,,,
Judicata,,,,x
Pulmonx,,,,
Zanbato,,,,
Coskata,,,,
Wake,,,,
Porter,,,,
Piazza,,,,
Medium,breakout,,,
Robinhood,,34,x,
Twine Health,,,,
Fresh Nation,,,,
Xeround,,,,
Josephine,,,,
Stion,,,,
Universe,,,,
Dil Mil,,,,
ApniCure,,,,
BioConsortia,,,,
SkyKick,,,,
EasyPost,,,,
myThings,,,,
Chelsio Communications,,,,
Awarepoint,,,,
Korbit,,,,
Earth Networks,,,,
Lifecode,,,,
Lot18,,,,
Douban,,,,
"Acupera, Inc.",,,,
QMC Telecom,,,,
NuMedii,,,,
Captain401,,,,
Curejoy,,,,
Hullabalu,,,,
iYogi,,,,
SynapDx,,,,
Liftopia,,,,
Phil,,,,
Go-Jek,,,,
PS DEPT.,,,,
MindBridge AI,,,,
iCarsClub,,,,
Thatgamecompany,,,,
HunterOn,,,,
Raptr,,,,
HolidayMe,,,,
Rally.org,,,,
Percolata,,,,
Jopwell,,,,
Buster,,,,
Bizongo,,,,
Boostable,,,,
Attic Labs,,,,
Quanttus,,,,
RunTitle,,,,
True Link Financial,,,,
Seed,,,,
Digital Alloys,,,,
Cohere Technologies,,,,
BetterLesson,,,,
Verifly,,,,
Sonim Technologies,,,,
Digitour Media,,,,
ownCloud,,,,
Listia,,,,
Avametric,,,,
Snapdocs,,,,
WhoSay,,,,
Gong,,,,
3-V Biosciences,,,,
EyeNetra,,,,
Money View,,,,
Coding,,,,
Rapid Micro Biosystems,,,,
SevenFifty,,,,
Prudent Energy,,,,
Semmle,,,,
Storenvy,,,,
Segment,breakout,,x,
SCIO Health Analytics,,,,
Clickatell,,,,
Snowball Finance,,,,
BetterCompany,,,,
Pinger,,,,
Grove,,,,
Little Labs,,,,
MBA Polymers,,,,
Breezeworks,,,,
BlueCrew,,,,
Nom,,,,
NMLStream,,,,
Spiracur,,,,
eduK,,,,
Trufa,,,,
Keybase,,,,
Cambridge Broadband Networks,,,,
Natero,,,,
Domo,,,x,
Agilyx,,,,
Opinio,,,,
Pinkoi,,,,
Tillster,,,,
DoorDash,,,x,
Elevate Labs,,,,
AltSchool,,,,
AlertEnterprise,,,,
Game Closure,,,,
Amicus,,,,
Blazent,,,,
RAMP Holdings,,,,
PLAE,,,,
Violet Grey,,,,
Coach.me,,,,
Findery,,,,
Hotelogix,,,,
OkBuy.com,,,,
Calastone,,,,
Highlight,,,,
Encored Technologies,,,,
Achates Power,,,,
BRIGHT,,,,
Printi,,,,
Elcelyx Therapeutics,,,,
SEVEN Networks,,,,
Abine,,,,
Orbis Education,,,,
ComparaGuru.com,,,,
CloudShare,,,,
LocalOye,,,,
Butterfleye Inc,,,,
Outdoor Voices,,,,
Qikpod,,,,
MindSnacks,,,,
QuickPay,,,,
Picarro,,,,
FetchRev,,,,
Leyden Energy,,,,
Scalus,,,,
"LockPath, Inc.",,,,
Govini,,,,
Ark,,,,
Musical.ly,,,,
Wildcard,,,,
R2 Semiconductor,,,,
Mesosphere,,,,
Jifflenow,,,,
Grammarly,,,x,
Lattice Power,,,,
Forus Health,,,,
Organizer,,,,
Distractify,,,,
Nodality,,,,
Zinka Logistics,,,,
Mascoma,,,,
Octro,,,,
Azumio,,,,
Keepsafe,,,,
BOOM,,,,
Karius,,,,
Memoir,,,,
Mino Games,,,,
Foursquare,,,,
Lytmus,,,,
Ciris Energy,,,,
Oribi,,,,
"Bloomz, Inc.",,,,
SuVolta,,,,
Breathe Technologies,,,,
Hubble Contacts,,,,
Theranica,,,,
Correlsense,,,,
Azul Systems,,,,
Blockspring,,,,
Teckro,,,,
AVA,,,,
CellScope,,,,
ANSR Consulting,,,,
Amonix,,,,
"Perlara, PBC",,,,
Agenovir Corporation,,,,
JUSPAY,,,,
Sociable Labs,,,,
ScaleMP,,,,
RevUp Software,,,,
Lehigh Technologies,,,,
SustainX,,,,
Devicescape,,,,
Rothy's,,,,
Beisen,,,,
French Girls,,,,
MediaSpike,,,,
NEOS GeoSolutions,,,,
Shareaholic,,,,
Xingren Doctor,,,,
Openbucks,,,,
BlueOak Resources,,,,
Palo Alto Health Sciences,,,,
Improbable,,,,
Idibon,,,,
Derby Games,,,,
TouchPal,,,,
flaregames,,,,
Integral Development Corp.,,,,
If You Can,,,,
Roniin,,,,
Embark,,,,
Qriously,,,,
Scodix,,,,
MocoSpace,,,,
SoFi,,,,
Giphy,,,,
Pi Inc.,,,,
Confident Cannabis,,,,
Circle Inc,,,,
Kekanto,,,,
Zivity,,,,
Thumbtack,breakout,,x,
EIS Group,,,,
SureWaves,,,,
StyleSaint,,,,
Acousticeye,,,,
Awake Security,,,,
Advanced Micro-Fabrication Equipment (AMEC),,,,
Mevio,,,,
WiGo,,,,
CoalTek,,,,
Kingnet,,,,
WeFi,,,,
edupristine,,,,
OpenGov,,,,x
Red Robot Labs,,,,
Cellworks,,,,
Picturelife,,,,
Curatio Healthcare,,,,
Immusoft,,,,
91JinRong,,,,
Blink,,,,
iUNU,,,,
Udemy,,,,
AltaRock Energy,,,,
Brit + Co,,,,
WildTangent,,,,
Turbine Air Systems,,,,
Kalido,,,,
uShip,,,,
Clutter,,,,
PrimaryIO,,,,
Corelight,,,,
Broadlink,,,,
Vivox,,,,
La Renon,,,,
Oceans Healthcare,,,,
OYO,,,,
Arcanum Alloys,,,,
D2S,,,,
Optaros,,,,
SunBorne Energy,,,,
ONE Championship,,,,
ClearSky Technologies,,,,
DecisionPoint Systems,,,,
Ansrsource,,,,
invino,,,,
ROOY,,,,
Tile,,,,
Koa.la,,,,
Gaia Online,,,,
Tipbit,,,,
Kalo,,,,
Agami System,,,,
"Reloaded Games, Inc.",,,,
Kyron,,,,
Article One Partners,,,,
SeeMe,,,,
Callaway Digital Arts,,,,
Industrial Toys,,,,
Smash.gg,,,,
Paymate,,,,
Scintera Networks,,,,
Veebeam,,,,
Aprius,,,,
Grain Management,,,,
Idea Device,,,,
eHarmony,,,,
Gainsight,,,,
Privia,,,,
Console Connect Inc.,,,,
Quid,,,,x
Linden Lab,,,,
EntreMed,,,,
JNJ Mobile,,,,
Cash4Gold,,,,
Opendoor,breakout,22,,
Neighborly,,,,x
Stripe,foundational,12,,
Quirky,,,,
Stitch Fix,breakout,32,,
Sysdig,,,,
Brandless,,,,
Samsara,,,,x
Netlify,,,,
Chain,,,,
Oscar,extended,,,
Checkr,breakout,,x,
Rubrik,breakout,7,x,
Wish,extended,33,x,
Radius,extended,,,
okta,breakout,,,
intercom,breakout,,x,
docker,breakout,47,x,
gusto,extended,,x,
Optimizely,extended,,,
Soylent,extended,,,
clover health,,,x ,
reddit,extended,,,
magic leap,extended,,,
nuna health,extended,,,
shogun,future,,,
uber,foundational,1,,
tesla,foundational,,,
snap,foundational,,,
general assembly,,11,,
aryaka networks,,15,,
grail,,17,,
duo security,,18,,
cybereason,,23,,
uptake,,26,,
kattera,,28,,
convene,,30,,
darktrace,,35,,
sprout social,,36,,
snowflake computing,,38,,
cohesity,,41,,
pendo,,42,,
skuid,,45,,
glint,,46,,
Act-On Software,,,x,
anaplan,,,x,
avalara,,,x,
chartboost,,,x,
cloudflare,,,x,
code42,,,x,
cohesity,,,x,
cradlepoint,,,x,
cybereason,,,x,
datadog,,,x,
deem,,,x,
digital ocean,,,x,
docusign,,,x,
elementum,,,x,
everlane,,,x,
extrahop,,,x,
FinancialForce,,,x,
FreshWorks,,,x,
Fuze,,,x,
Github,,,x,
GoFundMe,,,x,
ibotta,,,x,
IEX Group,,,x,
ipsy,,,x,
IQMS,,,x,
Jana,,,x,
Lattice engines,,,x,
LendingHome,,,x,
MarkLogic,,,x,
metaswitch,,,x,
nerdwallet,,,x,
one medical,,,x,
onesource virtual,,,x,
proledge,,,x,
raise.com,,,x,
reputation.com,,,x,
servicechannel,,,x,
SimpliSafe,,,x,
strava,,,x,
tastemade,,,x,
tastyworks,,,x,
tenable,,,x,
thredup,,,x,
varsity tutors,,,x,
wordpress,,,x,
Lemonade,,,,x
point,,,,x
harness.io,,,,x
angle tech,,,,x
Atrium LTS,,,,x
Socotra,,,,x
ayar labs,,,,x
Anduril,,,,x
Sourcegraph,,,,x
hashicorp,,,,x
carta,,,,x